{
	"language.name": "Русский",
	"language.region": "Россия",
	"language.code": "ru_ru",

	"block.minecraft.black_carpet": "Фиолетовый ковёр",
	"block.minecraft.black_wool": "Фиолетовая шерсть",
	"block.minecraft.brown_carpet": "Бирюзовый ковёр", 
	"block.minecraft.brown_wool": "Бирюзовая шерсть",
	"block.minecraft.purple_carpet": "Сиреневый ковёр",
	"block.minecraft.purple_wool": "Сиреневая шерсть",
	"block.minecraft.poppy": "Роза"
}