{
	"__comment": "Created by Schmueles for Depixel - https://polyflore.net/projects/depixel",
	"parent": "block/cube_column",
	"textures": {
		"particle": "block/bookshelf",
		"shelf": "block/bookshelf_shelf",
		"end": "block/oak_planks",
		"side": "block/bookshelf"
	},
	"elements": [
		{
			"from": [ 0, 15.5, 0 ],
			"to": [ 16, 16, 16 ],
			"shade": false,
			"faces": {
				"down": { "uv": [ 0, 0, 16, 16 ], "texture": "#shelf" },
				"up": { "uv": [ 0, 0, 16, 16 ], "texture": "#end", "cullface": "up" },
				"north": { "uv": [ 0, 0, 16, 0.5 ], "texture": "#side", "cullface": "north" },
				"south": { "uv": [ 0, 0, 16, 0.5 ], "texture": "#side", "cullface": "south" },
				"west": { "uv": [ 0, 0, 16, 0.5 ], "texture": "#side", "cullface": "west" },
				"east": { "uv": [ 0, 0, 16, 0.5 ], "texture": "#side", "cullface": "east" }
			}
		},
		{
			"from": [ 0, 0, 0 ],
			"to": [ 16, 0.5, 16 ],
			"shade": false,
			"faces": {
				"down": { "uv": [ 0, 0, 16, 16 ], "texture": "#end", "cullface": "down" },
				"up": { "uv": [ 0, 0, 16, 16 ], "texture": "#shelf" },
				"north": { "uv": [ 0, 15.5, 16, 16 ], "texture": "#side", "cullface": "north" },
				"south": { "uv": [ 0, 15.5, 16, 16 ], "texture": "#side", "cullface": "south" },
				"west": { "uv": [ 0, 15.5, 16, 16 ], "texture": "#side", "cullface": "west" },
				"east": { "uv": [ 0, 15.5, 16, 16 ], "texture": "#side", "cullface": "east" }
			}
		},
		{
			"from": [ 1, 0.5, 1 ],
			"to": [ 15, 15.5, 15 ],
			"shade": false,
			"faces": {
				"north": { "uv": [ 1, 0.5, 15, 15.5 ], "texture": "#side" },
				"south": { "uv": [ 1, 0.5, 15, 15.5 ], "texture": "#side" },
				"west": { "uv": [ 1, 0.5, 15, 15.5 ], "texture": "#side" },
				"east": { "uv": [ 1, 0.5, 15, 15.5 ], "texture": "#side" }
			}
		},
		{
			"from": [ 0, 0.5, 0 ],
			"to": [ 1, 15.5, 1 ],
			"shade": false,
			"faces": {
				"north": { "uv": [ 0, 0.5, 1, 15.5 ], "texture": "#side", "cullface": "north" },
				"south": { "uv": [ 0, 0.5, 1, 15.5 ], "texture": "#side" },
				"west": { "uv": [ 15, 0.5, 16, 15.5 ], "texture": "#side", "cullface": "west" },
				"east": { "uv": [ 15, 0.5, 16, 15.5 ], "texture": "#side" }
			}
		},
		{
			"from": [ 15, 0.5, 15 ],
			"to": [ 16, 15.5, 16 ],
			"shade": false,
			"faces": {
				"north": { "uv": [ 15, 0.5, 16, 15.5 ], "texture": "#side" },
				"south": { "uv": [ 15, 0.5, 16, 15.5 ], "texture": "#side", "cullface": "south" },
				"west": { "uv": [ 0, 0.5, 1, 15.5 ], "texture": "#side" },
				"east": { "uv": [ 0, 0.5, 1, 15.5 ], "texture": "#side", "cullface": "east" }
			}
		},
		{
			"from": [ 0, 0.5, 15 ],
			"to": [ 1, 15.5, 16 ],
			"shade": false,
			"faces": {
				"north": { "uv": [ 0, 0.5, 1, 15.5 ], "texture": "#side" },
				"south": { "uv": [ 0, 0.5, 1, 15.5 ], "texture": "#side", "cullface": "south" },
				"west": { "uv": [ 15, 0.5, 16, 15.5 ], "texture": "#side", "cullface": "west" },
				"east": { "uv": [ 15, 15.5, 16, 0.5 ], "texture": "#side" }
			}
		},
		{
			"from": [ 15, 0.5, 0 ],
			"to": [ 16, 15.5, 1 ],
			"shade": false,
			"faces": {
				"north": { "uv": [ 0, 0.5, 1, 15.5 ], "texture": "#side", "cullface": "north" },
				"south": { "uv": [ 0, 0.5, 1, 15.5 ], "texture": "#side" },
				"west": { "uv": [ 15, 0.5, 16, 15.5 ], "texture": "#side" },
				"east": { "uv": [ 15, 0.5, 16, 15.5 ], "texture": "#side", "cullface": "east" }
			}
		},
		{
			"from": [ 0, 7.5, 0 ],
			"to": [ 16, 8.5, 16 ],
			"shade": false,
			"faces": {
				"down": { "uv": [ 0, 0, 16, 16 ], "texture": "#shelf" },
				"up": { "uv": [ 0, 0, 16, 16 ], "texture": "#shelf" },
				"north": { "uv": [ 0, 7.5, 16, 8.5 ], "texture": "#side", "cullface": "north" },
				"south": { "uv": [ 0, 7.5, 16, 8.5 ], "texture": "#side", "cullface": "south" },
				"west": { "uv": [ 0, 7.5, 16, 8.5 ], "texture": "#side", "cullface": "west" },
				"east": { "uv": [ 0, 7.5, 16, 8.5 ], "texture": "#side", "cullface": "east" }
			}
		}
	]
}