{
	"__comment": "Created by Schmueles for Depixel - https://polyflore.net/projects/depixel",
	"parent": "block/cube_custom",
	"textures": {
		"particle": "block/cartography_table_side3",
		"down": "block/dark_oak_planks",
		"up": "block/cartography_table_top",
		"north": "block/cartography_table_side3",
		"east": "block/cartography_table_side3",
		"south": "block/cartography_table_side1",
		"west": "block/cartography_table_side2",
		"model": "block/cartography_table_model"
	},
	"elements": [ 	 
		{
			"__comment": "Box1",
			"from": [ 0, 0, 0 ],
			"to": [ 16, 16, 10 ],
			"faces": {
				"down": { "uv": [ 0, 6, 16, 16 ], "texture": "#down", "cullface": "down" },
				"up": { "uv": [ 0, 0, 16, 10 ], "texture": "#up", "cullface": "up" },
				"north": { "uv": [ 0, 0, 16, 16 ], "texture": "#north", "cullface": "north" },
				"south": { "uv": [ 0, 0, 16, 16 ], "texture": "#model" },
				"west": { "uv": [ 0, 0, 10, 16 ], "texture": "#west", "cullface": "west" },
				"east": { "uv": [ 6, 0, 16, 16 ], "texture": "#east", "cullface": "east" }
			}
		},
		{
			"__comment": "Box1",
			"from": [ 6, 0, 10 ],
			"to": [ 16, 16, 16 ],
			"faces": {
				"down": { "uv": [ 6, 0, 16, 6 ], "texture": "#down", "cullface": "down" },
				"up": { "uv": [ 6, 10, 16, 16 ], "texture": "#up", "cullface": "up" },
				"south": { "uv": [ 6, 0, 16, 16 ], "texture": "#south", "cullface": "south" },
				"west": { "uv": [ 6, 0, 12, 16 ], "texture": "#model" },
				"east": { "uv": [ 0, 0, 6, 16 ], "texture": "#east", "cullface": "east" }
			}
		},
		{
			"__comment": "Box1",
			"from": [ 0, 0, 10 ],
			"to": [ 6, 10, 16 ],
			"faces": {
				"down": { "uv": [ 0, 0, 6, 6 ], "texture": "#down", "cullface": "down" },
				"up": { "uv": [ 0, 6, 6, 12 ], "texture": "#model" },
				"south": { "uv": [ 0, 6, 6, 16 ], "texture": "#south", "cullface": "south" },
				"west": { "uv": [ 10, 6, 16, 16 ], "texture": "#west", "cullface": "west" }
			}
		},
		{
			"__comment": "Box4",
			"from": [ 2, 10, 13 ],
			"to": [ 3, 11, 14 ],
			"faces": {
				"north": { "uv": [ 13, 5, 14, 6 ], "texture": "#down" },
				"south": { "uv": [ 2, 5, 3, 6 ], "texture": "#south" },
				"west": { "uv": [ 13, 5, 14, 6 ], "texture": "#west" },
				"east": { "uv": [ 2, 5, 3, 6 ], "texture": "#down" }
			}
		},
		{
			"__comment": "Box4",
			"from": [ 1, 10, 12 ],
			"to": [ 4, 10.5, 15 ],
			"faces": {
				"up": { "uv": [ 12, 0, 15, 3 ], "texture": "#model" },
				"north": { "uv": [ 1, 5.5, 4, 6 ], "texture": "#south" },
				"south": { "uv": [ 1, 5.5, 4, 6 ], "texture": "#south" },
				"west": { "uv": [ 12, 5.5, 15, 6 ], "texture": "#west" },
				"east": { "uv": [ 12, 5.5, 15, 6 ], "texture": "#west" }
			}
		},
		{
			"__comment": "Box4",
			"from": [ 0, 11, 11 ],
			"to": [ 5, 16, 16 ],
			"faces": {
				"down": { "uv": [ 0, 11, 5, 16 ], "texture": "#up" },
				"up": { "uv": [ 0, 11, 5, 16 ], "texture": "#up", "cullface": "up" },
				"north": { "uv": [ 0, 0, 5, 5 ], "texture": "#south" },
				"south": { "uv": [ 0, 0, 5, 5 ], "texture": "#south", "cullface": "south" },
				"west": { "uv": [ 11, 0, 16, 5 ], "texture": "#west", "cullface": "west" },
				"east": { "uv": [ 11, 0, 16, 5 ], "texture": "#west" }
			}
		}
	]
}