{
	"__comment": "Created by Schmueles for Depixel - https://polyflore.net/projects/depixel",
"parent": "block/block",
"textures": {
    "side": "block/enchanting_table_side",
    "top": "block/enchanting_table_top",
    "bottom": "block/enchanting_table_bottom",
    "particle": "block/enchanting_table_bottom"
},
"elements": [ 
{
    "from": [ 0, 0, 0 ],
    "to": [ 16, 4, 16 ],
    "faces": {
        "down":  { "uv": [ 0, 0, 16, 16 ], "texture": "#bottom", "cullface": "down" },
        "up":    { "uv": [ 0, 0, 16, 16 ], "texture": "#bottom" },
        "north": { "uv": [ 0, 12, 16, 16 ], "texture": "#side", "cullface": "north" },
        "south": { "uv": [ 0, 12, 16, 16 ], "texture": "#side", "cullface": "south" },
        "west":  { "uv": [ 0, 12, 16, 16 ], "texture": "#side", "cullface": "west" },
        "east":  { "uv": [ 0, 12, 16, 16 ], "texture": "#side", "cullface": "east" }
    }
},
{
    "from": [ 0, 4, 0 ],
    "to": [ 4, 12, 4 ],
    "faces": {
        "up":    { "uv": [ 0, 0, 4, 4 ], "texture": "#top" },
        "north": { "uv": [ 12, 4, 16, 12 ], "texture": "#side", "cullface": "north" },
        "south": { "uv": [ 0, 4, 4, 12 ], "texture": "#side" },
        "west":  { "uv": [ 0, 4, 4, 12 ], "texture": "#side", "cullface": "west" },
        "east":  { "uv": [ 12, 4, 16, 12 ], "texture": "#side" }
    }
},
{
    "from": [ 12, 4, 0 ],
    "to": [ 16, 12, 4 ],
    "faces": {
        "up":    { "uv": [ 12, 0, 16, 4 ], "texture": "#top" },
        "north": { "uv": [ 0, 4, 4, 12 ], "texture": "#side", "cullface": "north" },
        "south": { "uv": [ 12, 4, 16, 12 ], "texture": "#side" },
        "west":  { "uv": [ 0, 4, 4, 12 ], "texture": "#side" },
        "east":  { "uv": [ 12, 4, 16, 12 ], "texture": "#side", "cullface": "east" }
    }
},
{
    "from": [ 0, 4, 12 ],
    "to": [ 4, 12, 16 ],
    "faces": {
        "up":    { "uv": [ 0, 12, 4, 16 ], "texture": "#top" },
        "north": { "uv": [ 12, 4, 16, 12 ], "texture": "#side" },
        "south": { "uv": [ 0, 4, 4, 12 ], "texture": "#side", "cullface": "south" },
        "west":  { "uv": [ 12, 4, 16, 12 ], "texture": "#side", "cullface": "west" },
        "east":  { "uv": [ 0, 4, 4, 12 ], "texture": "#side" }
    }
},
{
    "from": [ 12, 4, 12 ],
    "to": [ 16, 12, 16 ],
    "faces": {
        "up":    { "uv": [ 12, 12, 16, 16 ], "texture": "#top" },
        "north": { "uv": [ 0, 4, 4, 12 ], "texture": "#side" },
        "south": { "uv": [ 12, 4, 16, 12 ], "texture": "#side", "cullface": "south" },
        "west":  { "uv": [ 12, 4, 16, 12 ], "texture": "#side" },
        "east":  { "uv": [ 0, 4, 4, 12 ], "texture": "#side", "cullface": "east" }
    }
},
{
    "from": [ 2, 4, 2 ],
    "to": [ 14, 10, 14 ],
    "faces": {
        "up":    { "uv": [ 2, 2, 14, 14 ], "texture": "#top" },
        "north": { "uv": [ 2, 6, 14, 12 ], "texture": "#side" },
        "south": { "uv": [ 2, 6, 14, 12 ], "texture": "#side" },
        "west":  { "uv": [ 2, 6, 14, 12 ], "texture": "#side" },
        "east":  { "uv": [ 2, 6, 14, 12 ], "texture": "#side" }
    }
}
]
}