{
	"__comment": "Created by Schmueles for Depixel - https://polyflore.net/projects/depixel",
	"parent": "block/block",
	"ambientocclusion": false,
	"textures": {
		"particle": "#texture",
		"texture": "block/oak_leaves_model_shaded"
	},
	"elements": [ 	 
		{
			"__comment": "Element",
			"from": [ 1, 10, 7 ],
			"to": [ 17, 10.001, 23 ],
			"rotation": { "origin": [ 1, 10, 7 ], "axis": "x", "angle": 45 },
			"shade": false,
			"faces": {
				"down": { "uv": [ 16, 0, 0, 16 ], "texture": "#texture", "rotation": 180, "tintindex": 0 },
				"up": { "uv": [ 0, 0, 16, 16 ], "texture": "#texture", "tintindex": 0 }
			}
		},
		{
			"__comment": "Element",
			"from": [ -1, -5, 9 ],
			"to": [ 15, 11, 9.001 ],
			"rotation": { "origin": [ -1, 11, 9 ], "axis": "x", "angle": 45 },
			"shade": false,
			"faces": {
				"north": { "uv": [ 16, 16, 0, 0 ], "texture": "#texture", "rotation": 180, "tintindex": 0 },
				"south": { "uv": [ 16, 0, 0, 16 ], "texture": "#texture", "tintindex": 0 }
			}
		},
		{
			"__comment": "Element",
			"from": [ 12, -2, 0 ],
			"to": [ 12.001, 14, 16 ],
			"rotation": { "origin": [ 12, 14, 0 ], "axis": "z", "angle": 22.5 },
			"shade": false,
			"faces": {
				"west": { "uv": [ 0, 16, 16, 0 ], "texture": "#texture", "rotation": 180, "tintindex": 0 },
				"east": { "uv": [ 0, 0, 16, 16 ], "texture": "#texture", "tintindex": 0 }
			}
		},
		{
			"__comment": "Element",
			"from": [ 4, -2, 0 ],
			"to": [ 4.001, 14, 16 ],
			"rotation": { "origin": [ 4, 14, 0 ], "axis": "z", "angle": -22.5 },
			"shade": false,
			"faces": {
				"west": { "uv": [ 16, 16, 0, 0 ], "texture": "#texture", "rotation": 180, "tintindex": 0 },
				"east": { "uv": [ 16, 0, 0, 16 ], "texture": "#texture", "tintindex": 0 }
			}
		},
		{
			"__comment": "Element",
			"from": [ -1, 17, 3 ],
			"to": [ 15, 17.001, 19 ],
			"rotation": { "origin": [ -1, 17, 3 ], "axis": "x", "angle": 22.5 },
			"shade": false,
			"faces": {
				"down": { "uv": [ 0, 0, 16, 16 ], "texture": "#texture", "rotation": 180, "tintindex": 0 },
				"up": { "uv": [ 16, 0, 0, 16 ], "texture": "#texture", "tintindex": 0 }
			}
		},
		{
			"__comment": "Element",
			"from": [ 1, 16.999, -3 ],
			"to": [ 17, 17, 13 ],
			"rotation": { "origin": [ 1, 17, 13 ], "axis": "x", "angle": -22.5 },
			"shade": false,
			"faces": {
				"down": { "uv": [ 0, 0, 16, 16 ], "texture": "#texture", "tintindex": 0 },
				"up": { "uv": [ 16, 0, 0, 16 ], "texture": "#texture", "rotation": 180, "tintindex": 0 },
				"north": { "uv": [ 16, 2.313709, 0, 2.312709 ], "texture": "#texture" },
				"south": { "uv": [ 0, 13.68629, 16, 13.68729 ], "texture": "#texture" },
				"west": { "uv": [ 13.68629, 0, 13.68729, 10.31371 ], "texture": "#texture", "rotation": 90 },
				"east": { "uv": [ 2.31271, 0, 2.313709, 10.31371 ], "texture": "#texture", "rotation": 270 }
			}
		},
		{
			"__comment": "Element",
			"from": [ -1, -5, 15.5 ],
			"to": [ 15, 11, 15.501 ],
			"rotation": { "origin": [ -1, 11, 15.5 ], "axis": "x", "angle": 45 },
			"shade": false,
			"faces": {
				"north": { "uv": [ 16, 16, 0, 0 ], "texture": "#texture", "rotation": 180, "tintindex": 0 },
				"south": { "uv": [ 16, 0, 0, 16 ], "texture": "#texture", "tintindex": 0 }
			}
		},
		{
			"__comment": "Element",
			"from": [ 2, -4, 2 ],
			"to": [ 18, 12, 2.001 ],
			"rotation": { "origin": [ 2, 12, 2 ], "axis": "y", "angle": -45 },
			"shade": false,
			"faces": {
				"north": { "uv": [ 16, 16, 0, 0 ], "texture": "#texture", "rotation": 180, "tintindex": 0 },
				"south": { "uv": [ 16, 0, 0, 16 ], "texture": "#texture", "tintindex": 0 }
			}
		}
	]
}