{
	"__comment": "Created by Schmueles for Depixel - https://polyflore.net/projects/depixel",
	"ambientocclusion": false,
	"textures": {
		"particle": "block/oak_door_top",
		"all": "block/oak_door_top"
	},
	"elements": [ 	 
		{
			"__comment": "Element",
			"from": [ 0, 0, 0 ],
			"to": [ 3, 4, 16 ],
			"faces": {
				"down": { "uv": [ 0, 0, 3, 16 ], "texture": "#all", "cullface": "down" },
				"up": { "uv": [ 0, 0, 3, 16 ], "texture": "#all" },
				"north": { "uv": [ 0, 12, 3, 16 ], "texture": "#all", "cullface": "north" },
				"south": { "uv": [ 0, 12, 3, 16 ], "texture": "#all", "cullface": "south" },
				"west": { "uv": [ 16, 12, 0, 16 ], "texture": "#all", "cullface": "west" },
				"east": { "uv": [ 0, 12, 16, 16 ], "texture": "#all" }
			}
		},
		{
			"__comment": "Element",
			"from": [ 0, 4, 0 ],
			"to": [ 3, 16, 3 ],
			"faces": {
				"up": { "uv": [ 0, 0, 3, 3 ], "texture": "#all", "cullface": "up" },
				"north": { "uv": [ 0, 0, 3, 12 ], "texture": "#all", "cullface": "north" },
				"south": { "uv": [ 0, 0, 3, 12 ], "texture": "#all" },
				"west": { "uv": [ 3, 0, 0, 12 ], "texture": "#all", "cullface": "west" },
				"east": { "uv": [ 13, 0, 16, 12 ], "texture": "#all" }
			}
		},
		{
			"__comment": "Element",
			"from": [ 0, 4, 13 ],
			"to": [ 3, 16, 16 ],
			"faces": {
				"up": { "uv": [ 0, 13, 3, 16 ], "texture": "#all", "cullface": "up" },
				"north": { "uv": [ 13, 0, 16, 12 ], "texture": "#all" },
				"south": { "uv": [ 0, 0, 3, 12 ], "texture": "#all", "cullface": "south" },
				"west": { "uv": [ 16, 0, 13, 12 ], "texture": "#all", "cullface": "west" },
				"east": { "uv": [ 0, 0, 3, 12 ], "texture": "#all" }
			}
		},
		{
			"__comment": "Element",
			"from": [ 0, 14, 3 ],
			"to": [ 3, 16, 13 ],
			"faces": {
				"down": { "uv": [ 0, 3, 3, 13 ], "texture": "#all" },
				"up": { "uv": [ 0, 3, 3, 13 ], "texture": "#all", "cullface": "up" },
				"west": { "uv": [ 13, 0, 3, 2 ], "texture": "#all", "cullface": "west" },
				"east": { "uv": [ 3, 0, 13, 2 ], "texture": "#all" }
			}
		},
		{
			"__comment": "Element",
			"from": [ 1, 8, 3 ],
			"to": [ 2, 10, 13 ],
			"faces": {
				"down": { "uv": [ 14, 3, 15, 13 ], "texture": "#all" },
				"up": { "uv": [ 14, 3, 15, 13 ], "texture": "#all" },
				"west": { "uv": [ 3, 6, 13, 8 ], "texture": "#all" },
				"east": { "uv": [ 3, 6, 13, 8 ], "texture": "#all" }
			}
		},
		{
			"__comment": "Element",
			"from": [ 1, 10, 7 ],
			"to": [ 2, 14, 9 ],
			"faces": {
				"north": { "uv": [ 14, 2, 15, 6 ], "texture": "#all" },
				"south": { "uv": [ 1, 2, 2, 6 ], "texture": "#all" },
				"west": { "uv": [ 9, 2, 7, 6 ], "texture": "#all" },
				"east": { "uv": [ 7, 2, 9, 6 ], "texture": "#all" }
			}
		},
		{
			"__comment": "Element",
			"from": [ 1, 4, 7 ],
			"to": [ 2, 8, 9 ],
			"faces": {
				"north": { "uv": [ 14, 8, 15, 12 ], "texture": "#all" },
				"south": { "uv": [ 1, 8, 2, 12 ], "texture": "#all" },
				"west": { "uv": [ 9, 8, 7, 12 ], "texture": "#all" },
				"east": { "uv": [ 7, 8, 9, 12 ], "texture": "#all" }
			}
		}
	]
}