{
	"__comment": "Created by Schmueles for Depixel - https://polyflore.net/projects/depixel",
"ambientocclusion": false,
"textures": {
    "particle": "#rail"
},
"elements": [ 
{
    "from": [ 14, 0, 14 ],
    "to": [ 15, 1, 15 ],
    "faces": {
        "down":  { "uv": [ 14.5, 15, 15, 14.5 ], "texture": "#rail" },
        "up":    { "uv": [ 14.5, 14.5, 15, 15 ], "texture": "#rail" }
    }
},
{
    "from": [ 12.5, 1, 13.5 ],
    "to": [ 13, 2, 14 ],
    "faces": {
        "up":    { "uv": [ 13, 13, 13.5, 13.5 ], "texture": "#rail" },
        "north": { "uv": [ 12, 15.5, 12.5, 16 ], "texture": "#rail" },
        "west":  { "uv": [ 12, 15, 12.5, 15.5 ], "texture": "#rail" }
    }
},
{
    "from": [ 13, 1, 13 ],
    "to": [ 13.5, 2, 14 ],
    "faces": {
        "up":    { "uv": [ 13, 13, 13.5, 14 ], "texture": "#rail" },
        "north": { "uv": [ 12, 15.5, 12.5, 16 ], "texture": "#rail" },
        "west":  { "uv": [ 12, 15, 12.5, 15.5 ], "texture": "#rail" }
    }
},
{
    "from": [ 13.5, 1, 12.5 ],
    "to": [ 14.5, 2, 14 ],
    "faces": {
        "up":    { "uv": [ 13.5, 12.5, 14.5, 14 ], "texture": "#rail" },
        "north": { "uv": [ 12, 15.5, 12.5, 16 ], "texture": "#rail" },
        "west":  { "uv": [ 12, 15, 12.5, 15.5 ], "texture": "#rail" }
    }
},
{
    "from": [ 14.5, 1, 12 ],
    "to": [ 15, 2, 14 ],
    "faces": {
        "up":    { "uv": [ 14.5, 12, 15, 14 ], "texture": "#rail" },
        "north": { "uv": [ 12, 15.5, 12.5, 16 ], "texture": "#rail" },
        "west":  { "uv": [ 12, 15, 14, 15.5 ], "texture": "#rail" }
    }
},
{
    "from": [ 15, 1, 12 ],
    "to": [ 16, 2, 14 ],
    "faces": {
        "down":  { "uv": [ 15.5, 12, 16, 14 ], "texture": "#rail" },
        "up":    { "uv": [ 15.5, 12, 16, 14 ], "texture": "#rail" },
        "north": { "uv": [ 12, 15.5, 12.5, 16 ], "texture": "#rail" },
        "south": { "uv": [ 2.5, 14, 3.5, 14.5 ], "texture": "#rail" },
        "east":  { "uv": [ 2, 15, 2.5, 16 ], "texture": "#rail" }
    }
},
{
    "from": [ 12.5, 1, 14 ],
    "to": [ 15, 2, 14.5 ],
    "faces": {
        "down":  { "uv": [ 12.5, 14.5, 15, 14 ], "texture": "#rail" },
        "up":    { "uv": [ 12.5, 14, 15, 14.5 ], "texture": "#rail" },
        "north": { "uv": [ 2, 15.5, 4, 16 ], "texture": "#rail" },
        "south": { "uv": [ 2.5, 14, 3.5, 14.5 ], "texture": "#rail" },
        "west":  { "uv": [ 12, 15, 12.5, 16 ], "texture": "#rail" },
        "east":  { "uv": [ 2, 15, 2.5, 16 ], "texture": "#rail" }
    }
},
{
    "from": [ 12, 1, 14.5 ],
    "to": [ 14.5, 2, 15 ],
    "faces": {
        "down":  { "uv": [ 12, 15, 14.5, 14.5 ], "texture": "#rail" },
        "up":    { "uv": [ 12, 14.5, 14.5, 15 ], "texture": "#rail" },
        "north": { "uv": [ 2, 15.5, 4, 16 ], "texture": "#rail" },
        "south": { "uv": [ 2.5, 14, 3.5, 14.5 ], "texture": "#rail" },
        "west":  { "uv": [ 12, 15, 12.5, 16 ], "texture": "#rail" },
        "east":  { "uv": [ 2, 15, 2.5, 16 ], "texture": "#rail" }
    }
},
{
    "from": [ 12, 1, 15 ],
    "to": [ 14, 2, 16 ],
    "faces": {
        "down":  { "uv": [ 12, 16, 14, 15.5 ], "texture": "#rail" },
        "up":    { "uv": [ 12, 15.5, 14, 16 ], "texture": "#rail" },
        "south": { "uv": [ 2.5, 14, 3.5, 14.5 ], "texture": "#rail" },
        "west":  { "uv": [ 12, 15, 12.5, 16 ], "texture": "#rail" },
        "east":  { "uv": [ 2, 15, 2.5, 16 ], "texture": "#rail" }
    }
},
{
    "from": [ 5.5, 1, 5.5 ],
    "to": [ 6, 2, 6 ],
    "faces": {
        "up":    { "uv": [ 5.5, 5.5, 6, 6 ], "texture": "#rail" },
        "north": { "uv": [ 13.5, 15.5, 14, 16 ], "texture": "#rail" },
        "west":  { "uv": [ 2, 15, 2.5, 16 ], "texture": "#rail" }
    }
},
{
    "from": [ 6, 1, 5 ],
    "to": [ 6.5, 2, 6 ],
    "faces": {
        "up":    { "uv": [ 6, 5, 6.5, 6 ], "texture": "#rail" },
        "north": { "uv": [ 13.5, 15.5, 14, 16 ], "texture": "#rail" },
        "west":  { "uv": [ 2, 15, 3, 16 ], "texture": "#rail" }
    }
},
{
    "from": [ 6.5, 1, 4.5 ],
    "to": [ 7, 2, 6 ],
    "faces": {
        "down":  { "uv": [ 6.5, 6, 7, 4.5 ], "texture": "#rail" },
        "up":    { "uv": [ 6.5, 4.5, 7, 6 ], "texture": "#rail" },
        "north": { "uv": [ 13.5, 15.5, 14, 16 ], "texture": "#rail" },
        "west":  { "uv": [ 2, 15, 3.5, 16 ], "texture": "#rail" }
    }
},
{
    "from": [ 7, 1, 4 ],
    "to": [ 7.5, 2, 6 ],
    "faces": {
        "down":  { "uv": [ 7, 6, 7.5, 4 ], "texture": "#rail" },
        "up":    { "uv": [ 7, 4, 7.5, 6 ], "texture": "#rail" },
        "north": { "uv": [ 13.5, 15.5, 14, 16 ], "texture": "#rail" },
        "west":  { "uv": [ 2, 15, 4, 16 ], "texture": "#rail" }
    }
},
{
    "from": [ 7.5, 1, 4 ],
    "to": [ 8, 2, 6 ],
    "faces": {
        "down":  { "uv": [ 11.5, 4, 16, 2 ], "texture": "#rail" },
        "up":    { "uv": [ 11.5, 2, 16, 4 ], "texture": "#rail" },
        "north": { "uv": [ 13.5, 15.5, 14, 16 ], "texture": "#rail" },
        "south": { "uv": [ 3.5, 14.5, 4, 15 ], "texture": "#rail" },
        "east":  { "uv": [ 12, 15, 14, 15.5 ], "texture": "#rail" }
    }
},
{
    "from": [ 8, 1, 3.5 ],
    "to": [ 9, 2, 5.5 ],
    "faces": {
        "down":  { "uv": [ 11.5, 4, 16, 2 ], "texture": "#rail" },
        "up":    { "uv": [ 11.5, 2, 16, 4 ], "texture": "#rail" },
        "north": { "uv": [ 13.5, 15.5, 14, 16 ], "texture": "#rail" },
        "south": { "uv": [ 3.5, 14.5, 4, 15 ], "texture": "#rail" },
        "west":  { "uv": [ 2, 15, 4, 16 ], "texture": "#rail" },
        "east":  { "uv": [ 12, 15, 14, 15.5 ], "texture": "#rail" }
    }
},
{
    "from": [ 9, 1, 3 ],
    "to": [ 10, 2, 5 ],
    "faces": {
        "down":  { "uv": [ 11.5, 4, 16, 2 ], "texture": "#rail" },
        "up":    { "uv": [ 11.5, 2, 16, 4 ], "texture": "#rail" },
        "north": { "uv": [ 13.5, 15.5, 14, 16 ], "texture": "#rail" },
        "south": { "uv": [ 3.5, 14.5, 4, 15 ], "texture": "#rail" },
        "west":  { "uv": [ 2, 15, 4, 16 ], "texture": "#rail" },
        "east":  { "uv": [ 12, 15, 14, 15.5 ], "texture": "#rail" }
    }
},
{
    "from": [ 10, 1, 2.5 ],
    "to": [ 11.5, 2, 4.5 ],
    "faces": {
        "down":  { "uv": [ 11.5, 4, 16, 2 ], "texture": "#rail" },
        "up":    { "uv": [ 11.5, 2, 16, 4 ], "texture": "#rail" },
        "north": { "uv": [ 13.5, 15.5, 14, 16 ], "texture": "#rail" },
        "south": { "uv": [ 3.5, 14.5, 4, 15 ], "texture": "#rail" },
        "west":  { "uv": [ 2, 15, 4, 16 ], "texture": "#rail" },
        "east":  { "uv": [ 12, 15, 14, 15.5 ], "texture": "#rail" }
    }
},
{
    "from": [ 11.5, 1, 2 ],
    "to": [ 16, 2, 4 ],
    "faces": {
        "down":  { "uv": [ 11.5, 4, 16, 2 ], "texture": "#rail" },
        "up":    { "uv": [ 11.5, 2, 16, 4 ], "texture": "#rail" },
        "north": { "uv": [ 13.5, 15.5, 14, 16 ], "texture": "#rail" },
        "south": { "uv": [ 3.5, 14.5, 4, 15 ], "texture": "#rail" },
        "west":  { "uv": [ 2, 15, 4, 16 ], "texture": "#rail" },
        "east":  { "uv": [ 2.5, 14.5, 3, 15.5 ], "texture": "#rail" }
    }
},
{
    "from": [ 5, 1, 6 ],
    "to": [ 7.5, 2, 6.5 ],
    "faces": {
        "down":  { "uv": [ 4, 7.5, 6.5, 7 ], "texture": "#rail" },
        "up":    { "uv": [ 4, 7, 6.5, 7.5 ], "texture": "#rail" },
        "north": { "uv": [ 4, 7, 6.5, 7.5 ], "texture": "#rail" },
        "south": { "uv": [ 4, 7, 6.5, 7.5 ], "texture": "#rail" },
        "west":  { "uv": [ 13.5, 15, 14, 16 ], "texture": "#rail" },
        "east":  { "uv": [ 3.5, 15, 4, 16 ], "texture": "#rail" }
    }
},
{
    "from": [ 4.5, 1, 6.5 ],
    "to": [ 7, 2, 7 ],
    "faces": {
        "down":  { "uv": [ 4, 7.5, 6.5, 7 ], "texture": "#rail" },
        "up":    { "uv": [ 4, 7, 6.5, 7.5 ], "texture": "#rail" },
        "north": { "uv": [ 4, 7, 6.5, 7.5 ], "texture": "#rail" },
        "south": { "uv": [ 4, 7, 6.5, 7.5 ], "texture": "#rail" },
        "west":  { "uv": [ 13.5, 15, 14, 16 ], "texture": "#rail" },
        "east":  { "uv": [ 3.5, 15, 4, 16 ], "texture": "#rail" }
    }
},
{
    "from": [ 4, 1, 7 ],
    "to": [ 6.5, 2, 7.5 ],
    "faces": {
        "down":  { "uv": [ 4, 7.5, 6.5, 7 ], "texture": "#rail" },
        "up":    { "uv": [ 4, 7, 6.5, 7.5 ], "texture": "#rail" },
        "north": { "uv": [ 4, 7, 6.5, 7.5 ], "texture": "#rail" },
        "south": { "uv": [ 4, 7, 6.5, 7.5 ], "texture": "#rail" },
        "west":  { "uv": [ 13.5, 15, 14, 16 ], "texture": "#rail" },
        "east":  { "uv": [ 3.5, 15, 4, 16 ], "texture": "#rail" }
    }
},
{
    "from": [ 4, 1, 7.5 ],
    "to": [ 6, 2, 8 ],
    "faces": {
        "down":  { "uv": [ 2, 16, 4, 11.5 ], "texture": "#rail" },
        "up":    { "uv": [ 2, 11.5, 4, 16 ], "texture": "#rail" },
        "south": { "uv": [ 2, 15.5, 4, 16 ], "texture": "#rail" },
        "west":  { "uv": [ 13.5, 15, 14, 16 ], "texture": "#rail" },
        "east":  { "uv": [ 3.5, 15, 4, 16 ], "texture": "#rail" }
    }
},
{
    "from": [ 3.5, 1, 8 ],
    "to": [ 5.5, 2, 9 ],
    "faces": {
        "down":  { "uv": [ 2, 16, 4, 11.5 ], "texture": "#rail" },
        "up":    { "uv": [ 2, 11.5, 4, 16 ], "texture": "#rail" },
        "north": { "uv": [ 12, 15.5, 14, 16 ], "texture": "#rail" },
        "south": { "uv": [ 2, 15.5, 4, 16 ], "texture": "#rail" },
        "west":  { "uv": [ 13.5, 15, 14, 16 ], "texture": "#rail" },
        "east":  { "uv": [ 3.5, 15, 4, 16 ], "texture": "#rail" }
    }
},
{
    "from": [ 3, 1, 9 ],
    "to": [ 5, 2, 10 ],
    "faces": {
        "down":  { "uv": [ 2, 16, 4, 11.5 ], "texture": "#rail" },
        "up":    { "uv": [ 2, 11.5, 4, 16 ], "texture": "#rail" },
        "north": { "uv": [ 12, 15.5, 14, 16 ], "texture": "#rail" },
        "south": { "uv": [ 2, 15.5, 4, 16 ], "texture": "#rail" },
        "west":  { "uv": [ 13.5, 15, 14, 16 ], "texture": "#rail" },
        "east":  { "uv": [ 3.5, 15, 4, 16 ], "texture": "#rail" }
    }
},
{
    "from": [ 2.5, 1, 10 ],
    "to": [ 4.5, 2, 11.5 ],
    "faces": {
        "down":  { "uv": [ 2, 16, 4, 11.5 ], "texture": "#rail" },
        "up":    { "uv": [ 2, 11.5, 4, 16 ], "texture": "#rail" },
        "north": { "uv": [ 12, 15.5, 14, 16 ], "texture": "#rail" },
        "south": { "uv": [ 2, 15.5, 4, 16 ], "texture": "#rail" },
        "west":  { "uv": [ 13.5, 15, 14, 16 ], "texture": "#rail" },
        "east":  { "uv": [ 3.5, 15, 4, 16 ], "texture": "#rail" }
    }
},
{
    "from": [ 2, 1, 11.5 ],
    "to": [ 4, 2, 16 ],
    "faces": {
        "down":  { "uv": [ 2, 16, 4, 11.5 ], "texture": "#rail" },
        "up":    { "uv": [ 2, 11.5, 4, 16 ], "texture": "#rail" },
        "north": { "uv": [ 12, 15.5, 14, 16 ], "texture": "#rail" },
        "south": { "uv": [ 2.5, 14, 3.5, 14.5 ], "texture": "#rail" },
        "west":  { "uv": [ 13.5, 15, 14, 16 ], "texture": "#rail" },
        "east":  { "uv": [ 3.5, 15, 4, 16 ], "texture": "#rail" }
    }
},
{
    "from": [ 5, 0, 5.5 ],
    "to": [ 5.5, 1, 6.5 ],
    "faces": {
        "down":  { "uv": [ 8.5, 10, 9, 9 ], "texture": "#rail" },
        "up":    { "uv": [ 5, 5.5, 5.5, 6.5 ], "texture": "#rail" },
        "south": { "uv": [ 10.5, 1.5, 11, 2 ], "texture": "#rail" },
        "west":  { "uv": [ 10.5, 1.5, 11, 2 ], "rotation": 180, "texture": "#rail" }
    }
},
{
    "from": [ 5.5, 0, 4.5 ],
    "to": [ 6, 1, 7 ],
    "faces": {
        "down":  { "uv": [ 8, 7, 8.5, 9.5 ], "rotation": 180, "texture": "#rail" },
        "up":    { "uv": [ 5.5, 4.5, 6, 7 ], "texture": "#rail" },
        "north": { "uv": [ 5.5, 4.5, 6, 5 ], "rotation": 270, "texture": "#rail" },
        "south": { "uv": [ 6.5, 7.5, 7, 8 ], "texture": "#rail" },
        "west":  { "uv": [ 10.5, 1.5, 12.5, 2 ], "rotation": 180, "texture": "#rail" },
        "east":  { "uv": [ 10.5, 1.5, 12.5, 2 ], "texture": "#rail" }
    }
},
{
    "from": [ 6, 0, 5 ],
    "to": [ 6.5, 1, 7.5 ],
    "faces": {
        "down":  { "uv": [ 8, 7, 8.5, 9.5 ], "rotation": 180, "texture": "#rail" },
        "up":    { "uv": [ 6, 5, 6.5, 7.5 ], "texture": "#rail" },
        "north": { "uv": [ 5.5, 4.5, 6, 5 ], "rotation": 270, "texture": "#rail" },
        "south": { "uv": [ 6.5, 7.5, 7, 8 ], "texture": "#rail" },
        "west":  { "uv": [ 10.5, 1.5, 12.5, 2 ], "rotation": 180, "texture": "#rail" },
        "east":  { "uv": [ 10.5, 1.5, 12.5, 2 ], "texture": "#rail" }
    }
},
{
    "from": [ 4, 0, 11.5 ],
    "to": [ 6, 1, 13.5 ],
    "faces": {
        "down":  { "uv": [ 1.5, 12.5, 2, 10.5 ], "texture": "#rail" },
        "up":    { "uv": [ 4, 11.5, 6, 13.5 ], "texture": "#rail" },
        "north": { "uv": [ 1.5, 10.5, 2.5, 11 ], "texture": "#rail" },
        "south": { "uv": [ 1, 12, 2, 12.5 ], "texture": "#rail" },
        "west":  { "uv": [ 10.5, 1.5, 12.5, 2 ], "rotation": 180, "texture": "#rail" },
        "east":  { "uv": [ 10.5, 1.5, 12.5, 2 ], "texture": "#rail" }
    }
},
{
    "from": [ 6, 0, 12 ],
    "to": [ 8, 1, 14 ],
    "faces": {
        "down":  { "uv": [ 1.5, 12.5, 2, 10.5 ], "texture": "#rail" },
        "up":    { "uv": [ 6, 12, 8, 14 ], "texture": "#rail" },
        "north": { "uv": [ 1.5, 10.5, 2.5, 11 ], "texture": "#rail" },
        "south": { "uv": [ 1, 12, 2, 12.5 ], "texture": "#rail" },
        "west":  { "uv": [ 10.5, 1.5, 12.5, 2 ], "rotation": 180, "texture": "#rail" },
        "east":  { "uv": [ 10.5, 1.5, 12.5, 2 ], "texture": "#rail" }
    }
},
{
    "from": [ 8, 0, 12.5 ],
    "to": [ 10, 1, 14.5 ],
    "faces": {
        "down":  { "uv": [ 1.5, 12.5, 2, 10.5 ], "texture": "#rail" },
        "up":    { "uv": [ 8, 12.5, 10, 14.5 ], "texture": "#rail" },
        "north": { "uv": [ 1.5, 10.5, 2.5, 11 ], "texture": "#rail" },
        "south": { "uv": [ 1, 12, 2, 12.5 ], "texture": "#rail" },
        "west":  { "uv": [ 10.5, 1.5, 12.5, 2 ], "rotation": 180, "texture": "#rail" },
        "east":  { "uv": [ 10.5, 1.5, 12.5, 2 ], "texture": "#rail" }
    }
},
{
    "from": [ 10, 0, 13 ],
    "to": [ 12, 1, 15 ],
    "faces": {
        "down":  { "uv": [ 1.5, 12.5, 2, 10.5 ], "texture": "#rail" },
        "up":    { "uv": [ 10, 13, 12, 15 ], "texture": "#rail" },
        "north": { "uv": [ 1.5, 10.5, 2.5, 11 ], "texture": "#rail" },
        "south": { "uv": [ 1, 12, 2, 12.5 ], "texture": "#rail" },
        "west":  { "uv": [ 10.5, 1.5, 12.5, 2 ], "rotation": 180, "texture": "#rail" },
        "east":  { "uv": [ 10.5, 1.5, 12.5, 2 ], "texture": "#rail" }
    }
},
{
    "from": [ 12, 0, 13.5 ],
    "to": [ 14, 1, 15.5 ],
    "faces": {
        "down":  { "uv": [ 1.5, 12.5, 2, 10.5 ], "texture": "#rail" },
        "up":    { "uv": [ 12, 13.5, 14, 15.5 ], "texture": "#rail" },
        "north": { "uv": [ 1.5, 10.5, 2.5, 11 ], "texture": "#rail" },
        "south": { "uv": [ 1, 12, 2, 12.5 ], "texture": "#rail" },
        "west":  { "uv": [ 10.5, 1.5, 12.5, 2 ], "rotation": 180, "texture": "#rail" },
        "east":  { "uv": [ 10.5, 1.5, 12.5, 2 ], "texture": "#rail" }
    }
},
{
    "from": [ 14, 0, 15 ],
    "to": [ 15, 1, 16 ],
    "faces": {
        "down":  { "uv": [ 14, 16, 15, 15 ], "texture": "#rail" },
        "up":    { "uv": [ 14, 15, 15, 16 ], "texture": "#rail" },
        "south": { "uv": [ 14, 15.5, 15, 16 ], "texture": "#rail" },
        "west":  { "uv": [ 10.5, 1.5, 12.5, 2 ], "rotation": 180, "texture": "#rail" },
        "east":  { "uv": [ 14.5, 15.5, 15, 16 ], "texture": "#rail" }
    }
},
{
    "from": [ 15, 0, 14 ],
    "to": [ 15.5, 1, 15.5 ],
    "faces": {
        "down":  { "uv": [ 15, 15.5, 15.5, 14 ], "texture": "#rail" },
        "up":    { "uv": [ 15, 14, 15.5, 15.5 ], "texture": "#rail" },
        "south": { "uv": [ 15, 15, 15.5, 15.5 ], "texture": "#rail" },
        "east":  { "uv": [ 15, 15, 15.5, 15.5 ], "texture": "#rail" }
    }
},
{
    "from": [ 2, 0, 11 ],
    "to": [ 4, 1, 13 ],
    "faces": {
        "down":  { "uv": [ 1.5, 12.5, 2, 10.5 ], "texture": "#rail" },
        "up":    { "uv": [ 2, 11, 4, 13 ], "texture": "#rail" },
        "north": { "uv": [ 1.5, 10.5, 2.5, 11 ], "texture": "#rail" },
        "south": { "uv": [ 1, 12, 2, 12.5 ], "texture": "#rail" },
        "west":  { "uv": [ 10.5, 1.5, 12.5, 2 ], "rotation": 180, "texture": "#rail" },
        "east":  { "uv": [ 10.5, 1.5, 12.5, 2 ], "texture": "#rail" }
    }
},
{
    "from": [ 1, 0, 11.5 ],
    "to": [ 2, 1, 12.5 ],
    "faces": {
        "down":  { "uv": [ 1.5, 12.5, 2, 10.5 ], "texture": "#rail" },
        "up":    { "uv": [ 1, 11.5, 2, 12.5 ], "texture": "#rail" },
        "north": { "uv": [ 1.5, 10.5, 2.5, 11 ], "texture": "#rail" },
        "south": { "uv": [ 1, 12, 2, 12.5 ], "texture": "#rail" },
        "west":  { "uv": [ 10.5, 1.5, 11.5, 2 ], "rotation": 180, "texture": "#rail" }
    }
},
{
    "from": [ 1.5, 0, 10.5 ],
    "to": [ 2.5, 1, 11.5 ],
    "faces": {
        "down":  { "uv": [ 1.5, 11.5, 2, 10.5 ], "texture": "#rail" },
        "up":    { "uv": [ 1.5, 10.5, 2.5, 11.5 ], "texture": "#rail" },
        "north": { "uv": [ 1.5, 10.5, 2.5, 11 ], "texture": "#rail" },
        "south": { "uv": [ 1, 12, 2, 12.5 ], "texture": "#rail" },
        "west":  { "uv": [ 11.5, 1.5, 12.5, 2 ], "rotation": 180, "texture": "#rail" },
        "east":  { "uv": [ 11.5, 1.5, 12.5, 2 ], "texture": "#rail" }
    }
},
{
    "from": [ 11.5, 0, 4 ],
    "to": [ 13.5, 1, 6 ],
    "faces": {
        "down":  { "uv": [ 10.5, 2, 12.5, 1.5 ], "texture": "#rail" },
        "up":    { "uv": [ 11.5, 4, 13.5, 6 ], "texture": "#rail" },
        "north": { "uv": [ 10.5, 1.5, 12.5, 2 ], "rotation": 180, "texture": "#rail" },
        "south": { "uv": [ 10.5, 1.5, 12.5, 2 ], "texture": "#rail" },
        "west":  { "uv": [ 10.5, 1.5, 11, 2 ], "rotation": 180, "texture": "#rail" },
        "east":  { "uv": [ 12, 1.5, 12.5, 2 ], "texture": "#rail" }
    }
},
{
    "from": [ 12, 0, 6 ],
    "to": [ 14, 1, 8 ],
    "faces": {
        "down":  { "uv": [ 10.5, 2, 12.5, 1.5 ], "texture": "#rail" },
        "up":    { "uv": [ 12, 6, 14, 8 ], "texture": "#rail" },
        "north": { "uv": [ 10.5, 1.5, 12.5, 2 ], "rotation": 180, "texture": "#rail" },
        "south": { "uv": [ 10.5, 1.5, 12.5, 2 ], "texture": "#rail" },
        "west":  { "uv": [ 10.5, 1.5, 11, 2 ], "rotation": 180, "texture": "#rail" },
        "east":  { "uv": [ 12, 1.5, 12.5, 2 ], "texture": "#rail" }
    }
},
{
    "from": [ 12.5, 0, 8 ],
    "to": [ 14.5, 1, 10 ],
    "faces": {
        "down":  { "uv": [ 10.5, 2, 12.5, 1.5 ], "texture": "#rail" },
        "up":    { "uv": [ 12.5, 8, 14.5, 10 ], "texture": "#rail" },
        "north": { "uv": [ 10.5, 1.5, 12.5, 2 ], "rotation": 180, "texture": "#rail" },
        "south": { "uv": [ 10.5, 1.5, 12.5, 2 ], "texture": "#rail" },
        "west":  { "uv": [ 10.5, 1.5, 11, 2 ], "rotation": 180, "texture": "#rail" },
        "east":  { "uv": [ 12, 1.5, 12.5, 2 ], "texture": "#rail" }
    }
},
{
    "from": [ 13, 0, 10 ],
    "to": [ 15, 1, 12 ],
    "faces": {
        "down":  { "uv": [ 10.5, 2, 12.5, 1.5 ], "texture": "#rail" },
        "up":    { "uv": [ 13, 10, 15, 12 ], "texture": "#rail" },
        "north": { "uv": [ 10.5, 1.5, 12.5, 2 ], "rotation": 180, "texture": "#rail" },
        "south": { "uv": [ 10.5, 1.5, 12.5, 2 ], "texture": "#rail" },
        "west":  { "uv": [ 10.5, 1.5, 11, 2 ], "rotation": 180, "texture": "#rail" },
        "east":  { "uv": [ 12, 1.5, 12.5, 2 ], "texture": "#rail" }
    }
},
{
    "from": [ 13.5, 0, 12 ],
    "to": [ 15.5, 1, 14 ],
    "faces": {
        "down":  { "uv": [ 10.5, 2, 12.5, 1.5 ], "texture": "#rail" },
        "up":    { "uv": [ 13.5, 12, 15.5, 14 ], "texture": "#rail" },
        "north": { "uv": [ 10.5, 1.5, 12.5, 2 ], "rotation": 180, "texture": "#rail" },
        "south": { "uv": [ 10.5, 1.5, 12.5, 2 ], "texture": "#rail" },
        "east":  { "uv": [ 12, 1.5, 12.5, 2 ], "texture": "#rail" }
    }
},
{
    "from": [ 15.5, 0, 14 ],
    "to": [ 16, 1, 15 ],
    "faces": {
        "down":  { "uv": [ 15.5, 15, 16, 14 ], "texture": "#rail" },
        "up":    { "uv": [ 15.5, 14, 16, 15 ], "texture": "#rail" },
        "north": { "uv": [ 15.5, 14, 16, 15 ], "rotation": 180, "texture": "#rail" },
        "south": { "uv": [ 15.5, 14, 16, 15 ], "texture": "#rail" },
        "east":  { "uv": [ 12, 1.5, 12.5, 2 ], "texture": "#rail" }
    }
},
{
    "from": [ 10.5, 0, 1.5 ],
    "to": [ 11.5, 1, 2.5 ],
    "faces": {
        "down":  { "uv": [ 10.5, 2, 11.5, 1.5 ], "texture": "#rail" },
        "up":    { "uv": [ 10.5, 1.5, 11.5, 2.5 ], "texture": "#rail" },
        "north": { "uv": [ 10.5, 1.5, 11.5, 2 ], "rotation": 180, "texture": "#rail" },
        "south": { "uv": [ 10.5, 1.5, 11.5, 2 ], "texture": "#rail" },
        "west":  { "uv": [ 10.5, 1.5, 11, 2 ], "rotation": 180, "texture": "#rail" },
        "east":  { "uv": [ 12, 1.5, 12.5, 2 ], "texture": "#rail" }
    }
},
{
    "from": [ 11, 0, 2 ],
    "to": [ 13, 1, 4 ],
    "faces": {
        "down":  { "uv": [ 10.5, 2, 12.5, 1.5 ], "texture": "#rail" },
        "up":    { "uv": [ 11, 2, 13, 4 ], "texture": "#rail" },
        "north": { "uv": [ 10.5, 1.5, 12.5, 2 ], "rotation": 180, "texture": "#rail" },
        "south": { "uv": [ 10.5, 1.5, 12.5, 2 ], "texture": "#rail" },
        "west":  { "uv": [ 10.5, 1.5, 11, 2 ], "rotation": 180, "texture": "#rail" },
        "east":  { "uv": [ 12, 1.5, 12.5, 2 ], "texture": "#rail" }
    }
},
{
    "from": [ 11.5, 0, 1 ],
    "to": [ 12.5, 1, 2 ],
    "faces": {
        "down":  { "uv": [ 11.5, 1.5, 12.5, 1 ], "texture": "#rail" },
        "up":    { "uv": [ 11.5, 1, 12.5, 2 ], "texture": "#rail" },
        "north": { "uv": [ 11.5, 1.5, 12.5, 2 ], "rotation": 180, "texture": "#rail" },
        "west":  { "uv": [ 10.5, 1.5, 11, 2 ], "rotation": 180, "texture": "#rail" },
        "east":  { "uv": [ 12, 1.5, 12.5, 2 ], "texture": "#rail" }
    }
},
{
    "from": [ 4.5, 0, 5 ],
    "to": [ 5, 1, 6 ],
    "faces": {
        "down":  { "uv": [ 4.5, 6, 5, 5 ], "texture": "#rail" },
        "up":    { "uv": [ 4.5, 5, 5, 6 ], "texture": "#rail" },
        "north": { "uv": [ 1.5, 10.5, 2.5, 11 ], "texture": "#rail" },
        "south": { "uv": [ 10.5, 1.5, 11, 2 ], "texture": "#rail" },
        "west":  { "uv": [ 10.5, 1.5, 11.5, 2 ], "rotation": 180, "texture": "#rail" },
        "east":  { "uv": [ 11, 1.5, 12, 2 ], "texture": "#rail" }
    }
},
{
    "from": [ 5, 0, 4.5 ],
    "to": [ 5.5, 1, 5.5 ],
    "faces": {
        "down":  { "uv": [ 5, 5.5, 5.5, 4.5 ], "texture": "#rail" },
        "up":    { "uv": [ 5, 4.5, 5.5, 5.5 ], "texture": "#rail" },
        "north": { "uv": [ 5.5, 5, 6, 5.5 ], "rotation": 270, "texture": "#rail" },
        "west":  { "uv": [ 11.5, 1.5, 12, 2 ], "rotation": 180, "texture": "#rail" }
    }
},
{
    "from": [ 6.5, 0, 5.5 ],
    "to": [ 7, 1, 8 ],
    "faces": {
        "down":  { "uv": [ 8, 7, 8.5, 9.5 ], "rotation": 180, "texture": "#rail" },
        "up":    { "uv": [ 6.5, 5.5, 7, 8 ], "texture": "#rail" },
        "north": { "uv": [ 5.5, 4.5, 6, 5 ], "rotation": 270, "texture": "#rail" },
        "south": { "uv": [ 6.5, 7.5, 7, 8 ], "texture": "#rail" },
        "west":  { "uv": [ 10.5, 1.5, 12.5, 2 ], "rotation": 180, "texture": "#rail" },
        "east":  { "uv": [ 10.5, 1.5, 12.5, 2 ], "texture": "#rail" }
    }
},
{
    "from": [ 7, 0, 6 ],
    "to": [ 7.5, 1, 8.5 ],
    "faces": {
        "down":  { "uv": [ 8, 7, 8.5, 9.5 ], "rotation": 180, "texture": "#rail" },
        "up":    { "uv": [ 7, 6, 7.5, 8.5 ], "texture": "#rail" },
        "north": { "uv": [ 5.5, 4.5, 6, 5 ], "rotation": 270, "texture": "#rail" },
        "south": { "uv": [ 6.5, 7.5, 7, 8 ], "texture": "#rail" },
        "west":  { "uv": [ 10.5, 1.5, 12.5, 2 ], "rotation": 180, "texture": "#rail" },
        "east":  { "uv": [ 10.5, 1.5, 12.5, 2 ], "texture": "#rail" }
    }
},
{
    "from": [ 7.5, 0, 6.5 ],
    "to": [ 8, 1, 9 ],
    "faces": {
        "down":  { "uv": [ 8, 7, 8.5, 9.5 ], "rotation": 180, "texture": "#rail" },
        "up":    { "uv": [ 7.5, 6.5, 8, 9 ], "texture": "#rail" },
        "north": { "uv": [ 5.5, 4.5, 6, 5 ], "rotation": 270, "texture": "#rail" },
        "south": { "uv": [ 6.5, 7.5, 7, 8 ], "texture": "#rail" },
        "west":  { "uv": [ 10.5, 1.5, 12.5, 2 ], "rotation": 180, "texture": "#rail" },
        "east":  { "uv": [ 10.5, 1.5, 12.5, 2 ], "texture": "#rail" }
    }
},
{
    "from": [ 8, 0, 7 ],
    "to": [ 8.5, 1, 9.5 ],
    "faces": {
        "down":  { "uv": [ 8, 7, 8.5, 9.5 ], "rotation": 180, "texture": "#rail" },
        "up":    { "uv": [ 8, 7, 8.5, 9.5 ], "texture": "#rail" },
        "north": { "uv": [ 5.5, 4.5, 6, 5 ], "rotation": 270, "texture": "#rail" },
        "south": { "uv": [ 6.5, 7.5, 7, 8 ], "texture": "#rail" },
        "west":  { "uv": [ 10.5, 1.5, 12.5, 2 ], "rotation": 180, "texture": "#rail" },
        "east":  { "uv": [ 10.5, 1.5, 12.5, 2 ], "texture": "#rail" }
    }
},
{
    "from": [ 8.5, 0, 7.5 ],
    "to": [ 9, 1, 10 ],
    "faces": {
        "down":  { "uv": [ 8, 7, 8.5, 9.5 ], "rotation": 180, "texture": "#rail" },
        "up":    { "uv": [ 8.5, 7.5, 9, 10 ], "texture": "#rail" },
        "north": { "uv": [ 5.5, 4.5, 6, 5 ], "rotation": 270, "texture": "#rail" },
        "south": { "uv": [ 6.5, 7.5, 7, 8 ], "texture": "#rail" },
        "west":  { "uv": [ 10.5, 1.5, 12.5, 2 ], "rotation": 180, "texture": "#rail" },
        "east":  { "uv": [ 10.5, 1.5, 12.5, 2 ], "texture": "#rail" }
    }
},
{
    "from": [ 9, 0, 8 ],
    "to": [ 9.5, 1, 10.5 ],
    "faces": {
        "down":  { "uv": [ 8, 7, 8.5, 9.5 ], "rotation": 180, "texture": "#rail" },
        "up":    { "uv": [ 9, 8, 9.5, 10.5 ], "texture": "#rail" },
        "north": { "uv": [ 5.5, 4.5, 6, 5 ], "rotation": 270, "texture": "#rail" },
        "south": { "uv": [ 6.5, 7.5, 7, 8 ], "texture": "#rail" },
        "west":  { "uv": [ 10.5, 1.5, 12.5, 2 ], "rotation": 180, "texture": "#rail" },
        "east":  { "uv": [ 10.5, 1.5, 12.5, 2 ], "texture": "#rail" }
    }
},
{
    "from": [ 9.5, 0, 8.5 ],
    "to": [ 10, 1, 11 ],
    "faces": {
        "down":  { "uv": [ 8, 7, 8.5, 9.5 ], "rotation": 180, "texture": "#rail" },
        "up":    { "uv": [ 9.5, 8.5, 10, 11 ], "texture": "#rail" },
        "north": { "uv": [ 5.5, 4.5, 6, 5 ], "rotation": 270, "texture": "#rail" },
        "south": { "uv": [ 6.5, 7.5, 7, 8 ], "texture": "#rail" },
        "west":  { "uv": [ 10.5, 1.5, 12.5, 2 ], "rotation": 180, "texture": "#rail" },
        "east":  { "uv": [ 10.5, 1.5, 12.5, 2 ], "texture": "#rail" }
    }
},
{
    "from": [ 10, 0, 9 ],
    "to": [ 10.5, 1, 11.5 ],
    "faces": {
        "down":  { "uv": [ 8, 7, 8.5, 9.5 ], "rotation": 180, "texture": "#rail" },
        "up":    { "uv": [ 10, 9, 10.5, 11.5 ], "texture": "#rail" },
        "north": { "uv": [ 5.5, 4.5, 6, 5 ], "rotation": 270, "texture": "#rail" },
        "south": { "uv": [ 6.5, 7.5, 7, 8 ], "texture": "#rail" },
        "west":  { "uv": [ 10.5, 1.5, 12.5, 2 ], "rotation": 180, "texture": "#rail" },
        "east":  { "uv": [ 10.5, 1.5, 12.5, 2 ], "texture": "#rail" }
    }
},
{
    "from": [ 10.5, 0, 9.5 ],
    "to": [ 11, 1, 12 ],
    "faces": {
        "down":  { "uv": [ 8, 7, 8.5, 9.5 ], "rotation": 180, "texture": "#rail" },
        "up":    { "uv": [ 10.5, 9.5, 11, 12 ], "texture": "#rail" },
        "north": { "uv": [ 5.5, 4.5, 6, 5 ], "rotation": 270, "texture": "#rail" },
        "south": { "uv": [ 6.5, 7.5, 7, 8 ], "texture": "#rail" },
        "west":  { "uv": [ 10.5, 1.5, 12.5, 2 ], "rotation": 180, "texture": "#rail" },
        "east":  { "uv": [ 10.5, 1.5, 12.5, 2 ], "texture": "#rail" }
    }
},
{
    "from": [ 11, 0, 10 ],
    "to": [ 11.5, 1, 12.5 ],
    "faces": {
        "down":  { "uv": [ 8, 7, 8.5, 9.5 ], "rotation": 180, "texture": "#rail" },
        "up":    { "uv": [ 11, 10, 11.5, 12.5 ], "texture": "#rail" },
        "north": { "uv": [ 5.5, 4.5, 6, 5 ], "rotation": 270, "texture": "#rail" },
        "south": { "uv": [ 6.5, 7.5, 7, 8 ], "texture": "#rail" },
        "west":  { "uv": [ 10.5, 1.5, 12.5, 2 ], "rotation": 180, "texture": "#rail" },
        "east":  { "uv": [ 10.5, 1.5, 12.5, 2 ], "texture": "#rail" }
    }
},
{
    "from": [ 11.5, 0, 10.5 ],
    "to": [ 12, 1, 13 ],
    "faces": {
        "down":  { "uv": [ 8, 7, 8.5, 9.5 ], "rotation": 180, "texture": "#rail" },
        "up":    { "uv": [ 11.5, 10.5, 12, 13 ], "texture": "#rail" },
        "north": { "uv": [ 5.5, 4.5, 6, 5 ], "rotation": 270, "texture": "#rail" },
        "west":  { "uv": [ 10.5, 1.5, 12.5, 2 ], "rotation": 180, "texture": "#rail" },
        "east":  { "uv": [ 10.5, 1.5, 12.5, 2 ], "texture": "#rail" }
    }
},
{
    "from": [ 12, 0, 11 ],
    "to": [ 12.5, 1, 13.5 ],
    "faces": {
        "down":  { "uv": [ 8, 7, 8.5, 9.5 ], "rotation": 180, "texture": "#rail" },
        "up":    { "uv": [ 12, 11, 12.5, 13.5 ], "texture": "#rail" },
        "north": { "uv": [ 5.5, 4.5, 6, 5 ], "rotation": 270, "texture": "#rail" },
        "west":  { "uv": [ 10.5, 1.5, 12.5, 2 ], "rotation": 180, "texture": "#rail" },
        "east":  { "uv": [ 10.5, 1.5, 12.5, 2 ], "texture": "#rail" }
    }
},
{
    "from": [ 12.5, 0, 11.5 ],
    "to": [ 13, 1, 14 ],
    "faces": {
        "down":  { "uv": [ 8, 7, 8.5, 9.5 ], "rotation": 180, "texture": "#rail" },
        "up":    { "uv": [ 12.5, 11.5, 13, 14 ], "texture": "#rail" },
        "north": { "uv": [ 5.5, 4.5, 6, 5 ], "rotation": 270, "texture": "#rail" },
        "south": { "uv": [ 6.5, 7.5, 7, 8 ], "texture": "#rail" },
        "west":  { "uv": [ 10.5, 1.5, 12.5, 2 ], "rotation": 180, "texture": "#rail" },
        "east":  { "uv": [ 10.5, 1.5, 12.5, 2 ], "texture": "#rail" }
    }
},
{
    "from": [ 13, 0, 12 ],
    "to": [ 13.5, 1, 14.5 ],
    "faces": {
        "down":  { "uv": [ 8, 7, 8.5, 9.5 ], "rotation": 180, "texture": "#rail" },
        "up":    { "uv": [ 13, 12, 13.5, 14.5 ], "texture": "#rail" },
        "south": { "uv": [ 6.5, 7.5, 7, 8 ], "texture": "#rail" },
        "west":  { "uv": [ 10.5, 1.5, 12.5, 2 ], "rotation": 180, "texture": "#rail" },
        "east":  { "uv": [ 10.5, 1.5, 12.5, 2 ], "texture": "#rail" }
    }
}
]
}