{
	"__comment": "Created by Schmueles for Depixel - https://polyflore.net/projects/depixel",
	"textures": {
		"particle": "block/sugar_cane",
		"texture": "block/sugar_cane"
	},
	"elements": [ 	 
		{
			"__comment": "Box1",
			"from": [ 2, 0, 2 ],
			"to": [ 4, 16, 4 ],
			"faces": {
				"down": { "uv": [ 3, 14, 5, 16 ], "texture": "#texture" },
				"up": { "uv": [ 7, 14, 9, 16 ], "texture": "#texture" },
				"north": { "uv": [ 1, 0, 3, 16 ], "texture": "#texture" },
				"south": { "uv": [ 1, 0, 3, 16 ], "texture": "#texture" },
				"west": { "uv": [ 1, 0, 3, 16 ], "texture": "#texture" },
				"east": { "uv": [ 1, 0, 3, 16 ], "texture": "#texture" }
			}
		},
		{
			"__comment": "Box1",
			"from": [ 4, 0, 12 ],
			"to": [ 6, 16, 14 ],
			"faces": {
				"down": { "uv": [ 3, 14, 5, 16 ], "texture": "#texture" },
				"up": { "uv": [ 7, 14, 9, 16 ], "texture": "#texture" },
				"north": { "uv": [ 5, 0, 7, 16 ], "texture": "#texture" },
				"south": { "uv": [ 5, 0, 7, 16 ], "texture": "#texture" },
				"west": { "uv": [ 5, 0, 7, 16 ], "texture": "#texture" },
				"east": { "uv": [ 5, 0, 7, 16 ], "texture": "#texture" }
			}
		},
		{
			"__comment": "Box1",
			"from": [ 12, 0, 10 ],
			"to": [ 14, 16, 12 ],
			"faces": {
				"up": { "uv": [ 7, 14, 9, 16 ], "texture": "#texture", "cullface": "up" },
				"north": { "uv": [ 9, 0, 11, 16 ], "texture": "#texture" },
				"south": { "uv": [ 9, 0, 11, 16 ], "texture": "#texture" },
				"west": { "uv": [ 9, 0, 11, 16 ], "texture": "#texture" },
				"east": { "uv": [ 9, 0, 11, 16 ], "texture": "#texture" }
			}
		},
		{
			"__comment": "Box1",
			"from": [ 9, 0, 4 ],
			"to": [ 11, 16, 6 ],
			"faces": {
				"down": { "uv": [ 3, 14, 5, 16 ], "texture": "#texture" },
				"up": { "uv": [ 7, 14, 9, 16 ], "texture": "#texture" },
				"north": { "uv": [ 13, 0, 15, 16 ], "texture": "#texture" },
				"south": { "uv": [ 13, 0, 15, 16 ], "texture": "#texture" },
				"west": { "uv": [ 13, 0, 15, 16 ], "texture": "#texture" },
				"east": { "uv": [ 13, 0, 15, 16 ], "texture": "#texture" }
			}
		},
		{
			"__comment": "PlaneX10",
			"from": [ 3, 12.5, 4 ],
			"to": [ 3.001, 14.5, 6 ],
			"faces": {
				"west": { "uv": [ 3, 1.5, 5, 3.5 ], "texture": "#texture" },
				"east": { "uv": [ 5, 1.5, 3, 3.5 ], "texture": "#texture" }
			}
		},
		{
			"__comment": "PlaneX10",
			"from": [ 3, 5, 1 ],
			"to": [ 3.001, 7, 2 ],
			"faces": {
				"west": { "uv": [ 0, 8.5, 1, 10.5 ], "texture": "#texture" },
				"east": { "uv": [ 1, 8, 0, 10 ], "texture": "#texture" }
			}
		},
		{
			"__comment": "PlaneX10",
			"from": [ 5, 11.5, 14 ],
			"to": [ 5.001, 13.5, 16 ],
			"faces": {
				"west": { "uv": [ 7, 2.5, 9, 4.5 ], "texture": "#texture" },
				"east": { "uv": [ 9, 2.5, 7, 4.5 ], "texture": "#texture" }
			}
		},
		{
			"__comment": "PlaneX10",
			"from": [ 5, 5, 10 ],
			"to": [ 5.001, 7, 12 ],
			"faces": {
				"west": { "uv": [ 3, 9, 5, 11 ], "texture": "#texture" },
				"east": { "uv": [ 5, 9, 3, 11 ], "texture": "#texture" }
			}
		},
		{
			"__comment": "PlaneX10",
			"from": [ 13, 4.5, 8 ],
			"to": [ 13.001, 6.5, 10 ],
			"faces": {
				"west": { "uv": [ 7, 9.5, 9, 11.5 ], "texture": "#texture" },
				"east": { "uv": [ 9, 9.5, 7, 11.5 ], "texture": "#texture" }
			}
		},
		{
			"__comment": "PlaneX10",
			"from": [ 13, 10.5, 12 ],
			"to": [ 13.001, 12.5, 14 ],
			"faces": {
				"west": { "uv": [ 3, 1.5, 5, 3.5 ], "texture": "#texture" },
				"east": { "uv": [ 5, 1.5, 3, 3.5 ], "texture": "#texture" }
			}
		},
		{
			"__comment": "PlaneX10",
			"from": [ 10, 2, 6 ],
			"to": [ 10.001, 4, 8 ],
			"faces": {
				"west": { "uv": [ 13, 12, 11, 14 ], "texture": "#texture" },
				"east": { "uv": [ 11, 12, 13, 14 ], "texture": "#texture" }
			}
		},
		{
			"__comment": "PlaneX10",
			"from": [ 8, 8.5, 4.999 ],
			"to": [ 9, 10.5, 5 ],
			"faces": {
				"north": { "uv": [ 15, 5.5, 16, 7.5 ], "texture": "#texture" },
				"south": { "uv": [ 16, 5.5, 15, 7.5 ], "texture": "#texture" }
			}
		},
		{
			"__comment": "PlaneX10",
			"from": [ 10, 6.5, 10.999 ],
			"to": [ 12, 8.5, 11 ],
			"faces": {
				"north": { "uv": [ 9, 9.5, 7, 11.5 ], "texture": "#texture" },
				"south": { "uv": [ 7, 9.5, 9, 11.5 ], "texture": "#texture" }
			}
		},
		{
			"__comment": "PlaneX10",
			"from": [ 10, 12.5, 3 ],
			"to": [ 10.001, 14.5, 4 ],
			"faces": {
				"west": { "uv": [ 16, 5.5, 15, 7.5 ], "texture": "#texture" },
				"east": { "uv": [ 15, 5.5, 16, 7.5 ], "texture": "#texture" }
			}
		},
		{
			"__comment": "PlaneX10",
			"from": [ 0, 2, 3 ],
			"to": [ 2, 4, 3.001 ],
			"faces": {
				"north": { "uv": [ 3, 1.5, 5, 3.5 ], "texture": "#texture" },
				"south": { "uv": [ 5, 1.5, 3, 3.5 ], "texture": "#texture" }
			}
		},
		{
			"__comment": "PlaneX10",
			"from": [ 6, 8.5, 13 ],
			"to": [ 8, 10.5, 13.001 ],
			"faces": {
				"north": { "uv": [ 3, 9, 5, 11 ], "texture": "#texture" },
				"south": { "uv": [ 5, 9, 3, 11 ], "texture": "#texture" }
			}
		}
	]
}