{
	"__comment": "Created by Schmueles for Depixel - https://polyflore.net/projects/depixel",
	"ambientocclusion": false,
	"textures": {
		"rail": "block/rail",
		"particle": "block/rail"
	},
	"elements": [
		{
			"from": [2, 10.10051, -5.34315],
			"to": [4, 11.10051, 17.65685],
			"rotation": {"angle": 45, "axis": "x", "origin": [-4, 8.10051, 5.65685]},
			"faces": {
				"north": {"uv": [12.5, 14, 13.5, 15], "texture": "#rail"},
				"east": {"uv": [2, 12.5, 2.5, 14], "texture": "#rail"},
				"south": {"uv": [2.5, 13.5, 3.5, 14.5], "texture": "#rail"},
				"west": {"uv": [3.5, 13, 4, 15], "texture": "#rail"},
				"up": {"uv": [12, 0, 14, 16], "texture": "#rail"},
				"down": {"uv": [12, 16, 14, 0], "texture": "#rail"}
			}
		},
		{
			"from": [1, 8.16117, 14.42462],
			"to": [15, 9.16117, 16.42462],
			"rotation": {"angle": 45, "axis": "x", "origin": [18, 9.16117, 7.42462]},
			"faces": {
				"north": {"uv": [1, 1, 2, 1.5], "texture": "#rail"},
				"east": {"uv": [14, 13.5, 15, 14.5], "texture": "#rail"},
				"south": {"uv": [1, 14.5, 2, 15], "texture": "#rail"},
				"west": {"uv": [1, 13.5, 2, 14.5], "texture": "#rail"},
				"up": {"uv": [1, 13, 15, 15], "texture": "#rail"},
				"down": {"uv": [1, 15, 2, 13], "texture": "#rail"}
			}
		},
		{
			"from": [1, 8.16117, 8.92462],
			"to": [15, 9.16117, 10.92462],
			"rotation": {"angle": 45, "axis": "x", "origin": [18, 9.16117, 7.42462]},
			"faces": {
				"north": {"uv": [1, 1, 2, 1.5], "texture": "#rail"},
				"east": {"uv": [14, 13.5, 15, 14.5], "texture": "#rail"},
				"south": {"uv": [1, 14.5, 2, 15], "texture": "#rail"},
				"west": {"uv": [1, 13.5, 2, 14.5], "texture": "#rail"},
				"up": {"uv": [1, 9, 15, 11], "texture": "#rail"},
				"down": {"uv": [1, 11, 2, 9], "texture": "#rail"}
			}
		},
		{
			"from": [1, 8.16117, 3.42462],
			"to": [15, 9.16117, 5.42462],
			"rotation": {"angle": 45, "axis": "x", "origin": [18, 9.16117, 7.42462]},
			"faces": {
				"north": {"uv": [1, 1, 2, 1.5], "texture": "#rail"},
				"east": {"uv": [14, 13.5, 15, 14.5], "texture": "#rail"},
				"south": {"uv": [1, 14.5, 2, 15], "texture": "#rail"},
				"west": {"uv": [1, 13.5, 2, 14.5], "texture": "#rail"},
				"up": {"uv": [1, 5, 15, 7], "texture": "#rail"},
				"down": {"uv": [1, 7, 2, 5], "texture": "#rail"}
			}
		},
		{
			"from": [1, 8.16117, -2.07538],
			"to": [15, 9.16117, -0.07538],
			"rotation": {"angle": 45, "axis": "x", "origin": [18, 9.16117, 7.42462]},
			"faces": {
				"north": {"uv": [1, 1, 2, 1.5], "texture": "#rail"},
				"east": {"uv": [14, 13.5, 15, 14.5], "texture": "#rail"},
				"south": {"uv": [1, 14.5, 2, 15], "texture": "#rail"},
				"west": {"uv": [1, 13.5, 2, 14.5], "texture": "#rail"},
				"up": {"uv": [1, 1, 15, 3], "texture": "#rail"},
				"down": {"uv": [1, 3, 2, 1], "texture": "#rail"}
			}
		},
		{
			"from": [12, 9.16117, -4.07538],
			"to": [14, 10.16117, 18.92462],
			"rotation": {"angle": 45, "axis": "x", "origin": [18, 9.16117, 7.42462]},
			"faces": {
				"north": {"uv": [12.5, 14, 13.5, 15], "texture": "#rail"},
				"east": {"uv": [3.5, 12.5, 4, 14], "texture": "#rail"},
				"south": {"uv": [2.5, 13.5, 3.5, 14.5], "texture": "#rail"},
				"west": {"uv": [2, 13, 2.5, 15], "texture": "#rail"},
				"up": {"uv": [2, 0, 4, 16], "texture": "#rail"},
				"down": {"uv": [2, 16, 4, 0], "texture": "#rail"}
			}
		}
	],
	"display": {}
}